Model,MAE,RMSE,R2
Linear Regression,69997.90247001544,106739.73171475163,0.997574770903782
