Model,MAE,RMSE,R2
Linear Regression,69983.21870836183,106728.26498560562,0.9975755782874726
Random Forest,555358.0178306485,1182767.3657551021,0.702252631164072
SVR,2619349.3045202955,3409355.408122479,-1.4739665260967563
