Strategy,MAE,RMSE,R2
Raw,69983.21870836183,106728.26498560562,0.9975755782874726
Indicator,69981.12237493106,106723.23059774603,0.9975755513626712
Scaled,69981.12237493104,106723.23059774602,0.9975755513626712
Full,33952.42431632325,53897.96229882837,0.9977631916205579
