Model,MAE,RMSE,R2,Rank_MAE,Rank_RMSE,Rank_R2,Overall_Rank
Linear Regression,69983.21870836183,106728.26498560562,0.9975755782874726,1.0,1.0,1.0,1.0
Random Forest,555358.0178306485,1182767.3657551021,0.702252631164072,2.0,2.0,2.0,2.0
