Scenario,MAE,RMSE,R2
Normal Split,555358.0178306485,1182767.3657551021,0.702252631164072
Less Training Data,285470.6952416154,838998.9602393765,0.8281689385497083
With Noise,555358.0821818529,1182767.367225937,0.7022526304235421
With Missing Values,738557.722014451,1518414.6490445272,0.5092842063649025
